{"type":"footer","name":"t:sections.footer-group.name","sections":{"a54e30cc-fda2-46db-9f0c-4f9b390ef9a8":{"type":"countdown","blocks":{"sections--19169064747285__a54e30cc-fda2-46db-9f0c-4f9b390ef9a8-16854672554946095f-0":{"type":"content","settings":{"heading":"Time Is Running Out","heading_size":"h2","text":"<p>Don't miss your chance to seize this limited-time offer before it expires tomorrow. <\/p>","content_alignment":"left"}},"sections--19169064747285__a54e30cc-fda2-46db-9f0c-4f9b390ef9a8-16854672554946095f-1":{"type":"timer","settings":{"year":"2023","month":"06","day":"1","hour":"12","minute":"01","hide_timer":true,"text":"<p>The wait is over! The timer has reached its end, and our exclusive offer is now live. Don't delay – claim your discount now before it's too late!<\/p>"}},"sections--19169064747285__a54e30cc-fda2-46db-9f0c-4f9b390ef9a8-16854672554946095f-2":{"type":"button","settings":{"button_link":"shopify:\/\/collections\/all","button":"Shop Now","button_style":"inverse"}}},"block_order":["sections--19169064747285__a54e30cc-fda2-46db-9f0c-4f9b390ef9a8-16854672554946095f-0","sections--19169064747285__a54e30cc-fda2-46db-9f0c-4f9b390ef9a8-16854672554946095f-1","sections--19169064747285__a54e30cc-fda2-46db-9f0c-4f9b390ef9a8-16854672554946095f-2"],"settings":{"layout":"banner","full_width":false,"text_color":"#000","background_color":"#FFF","overlay_color":"#000","overlay_opacity":0,"lazyload_images":true}},"footer-promotions":{"type":"footer-promotions","blocks":{"footer-promotions0":{"type":"promotion","settings":{"enable_image":true,"image":"shopify:\/\/shop_images\/83b9c2069472f50fc179ecbe04d1b7d8.jpg","image_mask":"landscape","image_width":650,"title":"Limited-time offer","text":"<p>Save big on our top-selling products! Enjoy up to 20% off selected items. Shop now before it's too late!<\/p>","button_label":"shop now","button_link":"shopify:\/\/collections\/all"}},"footer-promotions1":{"type":"promotion","settings":{"enable_image":true,"image":"shopify:\/\/shop_images\/81GjdF9H2EL._AC_SL1500.jpg","image_mask":"landscape","image_width":650,"title":"Spring into savings","text":"<p>Upgrade your wardrobe with our latest collection and enjoy 30% off all apparel. Don't miss out on this stylish deal.<\/p>","button_label":"Shop Now","button_link":"shopify:\/\/collections\/all"}},"footer-promotions2":{"type":"promotion","settings":{"enable_image":true,"image":"shopify:\/\/shop_images\/ca8dcb84ca65988707cc9d542e58a149.jpg","image_mask":"landscape","image_width":650,"title":"Exclusive deal for our valued customers","text":"<p>ake advantage of our buy-one-get-one-free promotion. Double the joy, double the savings<\/p>","button_label":"Shop Now","button_link":"shopify:\/\/collections"}}},"block_order":["footer-promotions0","footer-promotions1","footer-promotions2"],"settings":{"hide_homepage":false,"image_size":"wide","align_text":"center"}},"footer":{"type":"footer","blocks":{"footer-3":{"type":"menu","settings":{"show_footer_title":true,"menu":"footer","container_width":20}},"footer-1":{"type":"menu","settings":{"show_footer_title":true,"menu":"main-menu","container_width":20}},"footer-2":{"type":"newsletter","settings":{"show_footer_title":true,"title":"Sign up and save","richtext":"<p>Subscribe to get special offers, free giveaways, and once-in-a-lifetime deals.<\/p>","container_width":33}},"footer-0":{"type":"logo_social","settings":{"desktop_logo_height":50,"container_width":20}}},"block_order":["footer-3","footer-1","footer-2","footer-0"],"settings":{"show_locale_selector":true,"show_currency_selector":true,"show_currency_flags":true,"show_payment_icons":true,"colorize_payment_icons":true,"show_copyright":true,"copyright_text":""}}},"order":["a54e30cc-fda2-46db-9f0c-4f9b390ef9a8","footer-promotions","footer"]}