{"type":"header","name":"t:sections.header-group.name","sections":{"announcement-bar":{"type":"announcement-bar","settings":{"announcement_text":"Free Shipping For All Your Order","announcement_link":"","announcement_closable":false}},"header":{"type":"header","settings":{"desktop_logo_width":150,"mobile_logo_width":120,"main_menu_link_list":"main-menu","hover_menu":true,"main_menu_alignment":"left","header_sticky":false,"sticky_index":true,"sticky_collection":false}}},"order":["announcement-bar","header"]}