{"type":"custom.popups","name":"t:sections.popup-group.name","sections":{"newsletter-popup":{"type":"newsletter-popup","blocks":{"reminder-block":{"type":"header","settings":{"reminder_label":"Get 20% off"}}},"block_order":["reminder-block"],"settings":{"disable_for_account_holders":true,"popup_seconds":5,"popup_days":2,"popup_title":"Unlock exclusive offers","popup_text":"<p>Discover a world of benefits by becoming a part of our exclusive community! Sign up for our mailing list today and receive a special 20% discount on your next purchase.<\/p>","popup_image":"shopify:\/\/shop_images\/83b9c2069472f50fc179ecbe04d1b7d8.jpg","image_position":"left","show_social_icons":true,"enable_newsletter":true,"button_label":"","button_link":""}},"age-verification-popup":{"type":"age-verification-popup","disabled":true,"settings":{"enable_test_mode":false,"blur_image":false,"heading":"Confirm your age","text":"<p>Are you 18 years old or older?<\/p>","decline_button_label":"No I'm not","approve_button_label":"Yes I am","decline_heading":"Come back when you're older","decline_text":"<p>Sorry, the content of this store can't be seen by a younger audience. Come back when you're older.<\/p>","return_button_label":"Oops, I entered incorrectly"}}},"order":["newsletter-popup","age-verification-popup"]}