{"sections":{"230ce6b7-4e3d-4d00-a863-67fbb93df0c7":{"type":"slideshow","blocks":{"template--19169064255765__230ce6b7-4e3d-4d00-a863-67fbb93df0c7-1685467890ac562d28-0":{"type":"image","settings":{"title":"Every household organization item","title_size":45,"subheading":"Transform Chaos into Order, Embrace Blissful Harmony","link":"shopify:\/\/collections\/all","link_text":"Check it out","text_align":"vertical-bottom horizontal-left","image":"shopify:\/\/shop_images\/7317d7066857cdb7dfba8822cb94ad5d.jpg","image_mobile":"shopify:\/\/shop_images\/7317d7066857cdb7dfba8822cb94ad5d.jpg","parallax_direction":"top","overlay_opacity":26}},"template--19169064255765__230ce6b7-4e3d-4d00-a863-67fbb93df0c7-1685467890ac562d28-1":{"type":"image","settings":{"title":"All home organization products","title_size":45,"subheading":"Embrace the Art of Organization, Amplify Your Elegance","link":"shopify:\/\/collections\/frontpage","link_text":"Shop Now","text_align":"vertical-bottom horizontal-left","image":"shopify:\/\/shop_images\/0e03a432b3f7fa73088623cfb81f24b5.jpg","image_mobile":"shopify:\/\/shop_images\/0e03a432b3f7fa73088623cfb81f24b5.jpg","parallax_direction":"left","overlay_opacity":26}},"a8b02bdf-f8fe-462c-b1a3-e7f7c08547d6":{"type":"image","settings":{"title":"all bathroom organization prodact","title_size":40,"subheading":"Bathroom Bliss: Streamline, Declutter, and Refresh!","link":"shopify:\/\/collections\/bathroom","link_text":"view now","text_align":"vertical-bottom horizontal-left","image":"shopify:\/\/shop_images\/99c69494a58a6b5863dfecc85df129c7.jpg","image_mobile":"shopify:\/\/shop_images\/99c69494a58a6b5863dfecc85df129c7.jpg","parallax_direction":"top","overlay_opacity":0}},"21be2728-bc56-45c2-b277-dd893393e223":{"type":"image","disabled":true,"settings":{"title":"Two line\nslide title.","title_size":80,"subheading":"And an optional subheading","link":"","link_text":"Optional button","text_align":"vertical-bottom horizontal-left","parallax_direction":"top","overlay_opacity":0}}},"block_order":["template--19169064255765__230ce6b7-4e3d-4d00-a863-67fbb93df0c7-1685467890ac562d28-0","template--19169064255765__230ce6b7-4e3d-4d00-a863-67fbb93df0c7-1685467890ac562d28-1","a8b02bdf-f8fe-462c-b1a3-e7f7c08547d6","21be2728-bc56-45c2-b277-dd893393e223"],"settings":{"section_height":"550px","mobile_height":"auto","parallax":true,"style":"minimal","autoplay":true,"autoplay_speed":5,"lazyload_images":true}},"hero-video":{"type":"hero-video","disabled":true,"settings":{"title":"Bring your\nbrand to life.","title_size":80,"subheading":"","link_text":"Watch","link":"https:\/\/www.youtube.com\/watch?v=_9VUPq3SxOc","text_align":"vertical-center horizontal-center","video_url":"https:\/\/www.youtube.com\/watch?v=_9VUPq3SxOc","overlay_opacity":0,"section_height":"650px","mobile_height":"auto"}},"featured-collection-switcher":{"type":"featured-collection-switcher","settings":{"title":"Our New Product","collection1":"bathroom","collection2":"room-storage","per_row":4,"view_all":true,"divider":false}},"rich-text":{"type":"rich-text","blocks":{"heading":{"type":"heading","settings":{"title":"About us"}},"text":{"type":"text","settings":{"enlarge_text":true,"text":"<p>Organization Divine is a family-owned business that upholds unwavering commitment to quality. We value each and every customer, recognizing their trust in us to deliver the exceptional products they deserve.<\/p>"}}},"block_order":["heading","text"],"settings":{"align_text":"center","narrow_column":true,"divider":false}},"featured-collections":{"type":"featured-collections","blocks":{"1499789718857-0":{"type":"collection","settings":{"collection":"room-storage","focal_point":"center center","size":"wide"}},"1499789718857-1":{"type":"collection","disabled":true,"settings":{"collection":"","focal_point":"center center","size":"square-small"}},"1499789718857-2":{"type":"collection","disabled":true,"settings":{"collection":"","focal_point":"center center","size":"square-small"}},"1499789718857-3":{"type":"collection","disabled":true,"settings":{"collection":"","focal_point":"center center","size":"square-small"}},"1499789718857-4":{"type":"collection","disabled":true,"settings":{"collection":"","focal_point":"center center","size":"square-small"}},"1499789718857-5":{"type":"collection","settings":{"collection":"kitchen-1","focal_point":"center center","size":"wide"}}},"block_order":["1499789718857-0","1499789718857-1","1499789718857-2","1499789718857-3","1499789718857-4","1499789718857-5"],"settings":{"title":"","divider":false,"enable_gutter":false}},"fading-images":{"type":"fading-images","blocks":{"1498501481980-0":{"type":"image","settings":{"image":"shopify:\/\/shop_images\/d721b991e9d08156b184ab4676b6701e.jpg","slide_title1":"Embrace Order, Beautify with Ease","slide_title2":""}},"1498501481980-1":{"type":"image","settings":{"image":"shopify:\/\/shop_images\/de626ac958d0e4cb9798b8e883132545.jpg","slide_title1":"Embrace Order, Beautify with Ease","slide_title2":""}},"1498501481980-2":{"type":"image","disabled":true,"settings":{"slide_title1":"And highlight","slide_title2":"important details"}}},"block_order":["1498501481980-0","1498501481980-1","1498501481980-2"],"settings":{"title_lines":"2","title_font":"body","title_size":45,"title_color":"#ffffff","title_bg_color":"rgba(0,0,0,0)","text_align":"vertical-center horizontal-center","link":"","slide_speed":5,"color_overlay":"#000000","color_overlay_opacity":30,"desktop_height":"650px","mobile_height":"auto","lazyload_images":true}},"collection-callout":{"type":"collection-callout","settings":{"collection":"frontpage","subtitle":"","title":"Best product","text":"Discover our captivating collection! Feast your eyes on stunning visuals of our top five products, meticulously curated to capture your attention and ignite your interest.","cta_text1":"Check out","cta_link1":"shopify:\/\/collections\/frontpage","cta_text2":"Shop Now","cta_link2":"shopify:\/\/collections\/frontpage","layout":"right","divider":false}},"background-image-text":{"type":"background-image-text","settings":{"subtitle":"","title":"Don't Miss This","text":"<p>Experience the ultimate value with our latest product, now available at its best price ever. Don't miss out! Shop now to enjoy up to a 20% discount on your order.<\/p>","button_label":"Shop Now","button_link":"shopify:\/\/collections\/all","image":"shopify:\/\/shop_images\/9356b9998786033d680f56c677ef2dd5.jpg","layout":"left","height":550,"parallax":true,"parallax_direction":"top","lazyload_images":true}}},"order":["230ce6b7-4e3d-4d00-a863-67fbb93df0c7","hero-video","featured-collection-switcher","rich-text","featured-collections","fading-images","collection-callout","background-image-text"]}