{"sections":{"main":{"type":"main-product","blocks":{"price":{"type":"price","settings":{}},"judgeme_preview_badge_product_page_4a0f983c":{"type":"shopify:\/\/apps\/judge-me-product-reviews\/blocks\/preview_badge\/61ccd3b1-a9f2-4160-9fe9-4fec8413e5d8","settings":{}},"separator":{"type":"separator","settings":{}},"variant_picker":{"type":"variant_picker","settings":{"variant_labels":true,"picker_type":"button","product_dynamic_variants_enable":true,"color_swatches":false}},"sales_point":{"type":"sales_point","settings":{"icon":"globe","text":"Free worldwide shipping"}},"inventory_status":{"type":"inventory_status","settings":{"inventory_threshold":10,"inventory_transfers_enable":true}},"buy_buttons":{"type":"buy_buttons","settings":{"show_dynamic_checkout":true,"surface_pickup_enable":true}},"description":{"type":"description","settings":{"is_tab":false}},"tab":{"type":"tab","settings":{"title":"Shipping information","content":"<p>Discover our hassle-free shipping policy and experience the convenience of seamless deliveries. Learn more about our shipping process and timelines by exploring our shipping policy. Your satisfaction is our priority, from order to doorstep.<\/p>","page":""}},"contact":{"type":"contact","settings":{"title":"Ask a question","phone":false}},"share":{"type":"share","settings":{}}},"block_order":["price","judgeme_preview_badge_product_page_4a0f983c","separator","variant_picker","sales_point","inventory_status","buy_buttons","description","tab","contact","share"],"settings":{"sku_enable":false,"image_size":"medium","product_zoom_enable":true,"thumbnail_position":"beside","thumbnail_height":"flexible","thumbnail_arrows":false,"enable_video_looping":true,"product_video_style":"muted"}},"judgeme_section_review_widget_621f":{"type":"apps","blocks":{"judgeme_review_widget_dd79bcd6":{"type":"shopify:\/\/apps\/judge-me-product-reviews\/blocks\/review_widget\/61ccd3b1-a9f2-4160-9fe9-4fec8413e5d8","settings":{}}},"block_order":["judgeme_review_widget_dd79bcd6"],"settings":{"full_width":false,"space_around":true}},"sub":{"type":"product-full-width","disabled":true,"settings":{"max_width":true}},"background-image-text":{"type":"background-image-text","settings":{"subtitle":"Are You Still Waiting?","title":"Shop Now and Save","text":"<p>Experience the ultimate value with our latest product, now available at its best price ever. Don't miss out! Shop now to enjoy up to a 20% discount When you order Again<\/p>","button_label":"Shop Now","button_link":"shopify:\/\/collections","image":"shopify:\/\/shop_images\/7317d7066857cdb7dfba8822cb94ad5d.jpg","layout":"left","height":550,"parallax":true,"parallax_direction":"top","lazyload_images":true}},"text-and-image":{"type":"text-and-image","disabled":true,"settings":{"image_mask":"none","image2_mask":"none","subtitle":"","title":"Image with text","text":"<p>Pair large text with an image to tell a story, explain a detail about your product, or describe a new promotion.<\/p>","button_label":"","button_link":"","button_style":"primary","align_text":"left","image_width":"50","layout":"right","divider":false,"top_padding":true,"bottom_padding":true,"lazyload_images":true}},"text-and-image2":{"type":"text-and-image","settings":{"image":"shopify:\/\/shop_images\/6104GeZpufL._AC_SL1500_794f545c-926f-4ebf-aa8f-7bb58989d8b4.jpg","image_mask":"portrait","image2":"shopify:\/\/shop_images\/a9dd38bd3d98cd347f442dd1d5e4cdf7.jpg","image2_mask":"portrait","subtitle":"","title":"Don't Miss Out, Shop Now","text":"<p>Experience the unparalleled quality of our product – the ultimate solution for your bathroom organization needs. Elevate the aesthetics of your bathroom with our remarkable products that create an organized and stunning space like no other.<\/p>","button_label":"Check This Out","button_link":"shopify:\/\/collections\/bathroom","button_style":"secondary","align_text":"left","image_width":"66","layout":"left","divider":false,"top_padding":true,"bottom_padding":true,"lazyload_images":true}},"testimonials":{"type":"testimonials","blocks":{"testimonials-0":{"type":"testimonial","settings":{"icon":"5-stars","testimonial":"<p>A game-changer for my bathroom! Organized and accessible, this product has truly transformed my daily routine. With its high-quality materials and craftsmanship, I know it will last for years. Worth every penny<\/p>","image":"shopify:\/\/shop_images\/Anna-Bjerde-Headshot.jpg","author":"Anna Bjerde","author_info":""}},"testimonials-1":{"type":"testimonial","settings":{"icon":"4-stars","testimonial":"<p>Oganization Platfoms delivers! Outstanding functionality, durability, and beautiful design. It keeps my bathroom clutter-free and stylish. Couldn't be happier with my purchase!<\/p>","image":"shopify:\/\/shop_images\/jerry_zee2.jpg","author":"Jerry Zeez","author_info":""}},"testimonials-2":{"type":"testimonial","settings":{"icon":"5-stars","testimonial":"<p>Exceptional quality, transformative impact! This product keeps everything organized while adding an elegant touch to my bathroom. Highly recommended<\/p>","image":"shopify:\/\/shop_images\/331806516_775398614154890_8196858659671408384_n.jpg","author":"Ogira Samuel","author_info":""}}},"block_order":["testimonials-0","testimonials-1","testimonials-2"],"settings":{"title":"Don't take our word for it","round_images":true,"color_background":"#c4a8a8","color_text":"#1c1d1d"}},"product-recommendations":{"type":"product-recommendations","settings":{"product_recommendations_heading":"You may also like","related_count":6,"products_per_row":3}},"collection-return":{"type":"collection-return","settings":{}}},"order":["main","judgeme_section_review_widget_621f","sub","background-image-text","text-and-image","text-and-image2","testimonials","product-recommendations","collection-return"]}